id,price
7715,2
13196,3
13194,2
4673,3
11325,2
13107,3
1245,5
5978,2
5953,2
2647,3
5198,2
2953,2
7895,2
12310,2
3954,2
8483,2
9823,2
7329,2
11618,3
9008,2
9061,3
7184,2
13246,2
5605,3
4928,2
11559,4
830,3
103,2
9457,2
1014,4
2152,2
8468,2
11271,2
5656,3
10573,3
3587,3
10313,3
5417,2
5955,2
4982,2
8648,3
10726,3
70,3
1592,2
12518,3
6342,3
12563,3
4713,2
13012,2
8560,2
8861,2
7486,2
1242,2
7154,2
5163,2
668,2
7337,2
2970,4
8632,2
11373,3
7706,2
1280,3
2727,2
6125,2
4964,2
1397,3
13446,2
3216,3
3874,2
334,3
1735,3
5981,2
12121,2
3214,2
10155,2
13645,2
1177,3
11067,2
8339,2
5267,2
10878,2
11579,2
4817,2
1179,3
9465,3
7743,2
12677,3
2646,3
3708,2
6574,2
7656,2
9335,2
8848,2
11290,2
7025,2
8033,3
4683,3
7283,2
11688,2
1959,3
3402,2
217,2
11856,2
1708,3
265,2
8952,2
235,5
10977,2
11506,2
3322,2
2416,3
5186,3
5559,2
1856,2
5064,2
2678,2
2896,2
13082,3
5132,2
4231,2
2994,2
5043,3
4805,2
6038,2
9586,2
11019,2
1637,2
3512,2
7061,2
2765,3
9545,3
8800,2
1137,2
1760,3
1519,2
12791,3
9354,3
5771,4
91,2
13470,2
3470,2
6973,2
4676,3
1842,3
3928,3
2583,2
1352,4
10447,3
7419,2
7606,3
7420,2
8283,2
5742,5
10071,2
6866,2
12086,2
11404,2
1189,2
3525,3
2349,2
5865,2
11413,2
7789,3
2405,6
8453,2
10607,2
13381,2
4694,4
5711,2
7529,2
5564,2
7045,2
2502,2
5431,3
12306,5
11466,2
11954,3
11031,3
5661,3
1671,2
11277,2
206,3
11117,3
3629,2
11613,2
10217,2
4283,2
9122,2
3016,3
4020,2
1767,2
7346,2
6636,2
2480,3
1058,2
6476,2
968,3
2090,2
357,2
8949,3
10955,3
8021,2
11348,2
13749,2
2591,2
13112,2
13228,2
6849,3
4418,2
12591,2
3769,3
6642,2
5804,2
11344,2
303,3
4712,2
5954,2
6475,3
11974,2
8813,3
10859,2
1639,3
5811,2
6878,2
9207,2
11852,2
5205,3
14,3
2858,2
1702,3
11273,3
6630,2
7761,2
9047,3
3976,2
5164,3
1031,2
6357,3
1401,3
7857,2
7211,3
5951,2
11952,2
12246,2
8065,3
9209,2
11951,2
3918,2
10013,3
3392,2
10500,2
5407,2
2879,2
10099,2
2160,4
3277,2
11875,2
13647,2
12592,2
970,3
1303,2
10179,2
803,2
5367,2
11694,2
8743,3
8071,3
2586,2
9086,2
10325,2
10680,2
3265,3
7537,2
1978,2
9570,3
13536,3
7838,2
6939,2
13440,2
12158,3
13045,2
9162,3
11623,3
3861,2
6428,2
13076,2
7833,2
6640,2
6414,2
1863,2
3373,2
11262,2
12111,2
12897,2
571,3
8130,2
352,3
5604,2
4402,2
11281,4
5971,2
7480,2
2746,3
2220,3
8247,2
12511,2
11092,2
100,2
11382,2
8405,3
12328,3
12744,2
3541,2
4051,2
3592,3
8506,3
11840,2
11065,2
1586,3
10465,5
12727,2
13255,2
2634,3
9013,3
4044,2
13596,2
10054,1
8327,2
8210,3
139,3
1722,2
12572,2
8867,3
676,3
6403,3
8479,2
1742,3
5444,3
953,2
11369,2
7087,3
12357,2
3483,2
10494,2
6583,3
3664,3
8445,2
11265,2
8355,3
9316,2
13612,2
239,3
1225,3
5100,2
6063,2
1375,3
494,3
1464,3
1173,3
3866,2
4918,2
9820,2
4532,2
10128,2
5588,2
6492,2
5782,3
8063,2
6766,2
7933,2
9963,3
11051,3
8909,2
10962,3
8764,3
8214,3
2915,3
11765,2
2000,3
8896,2
8238,2
899,3
12471,2
639,2
6783,2
465,3
9193,3
4496,2
13824,2
10213,2
2899,2
6405,2
2489,4
5150,2
3300,2
6419,2
9422,2
9322,2
4684,3
11570,3
1555,3
6286,2
11410,3
10280,2
13015,3
5693,2
10225,3
12439,3
11100,2
10847,2
11190,2
11686,2
10866,2
7138,3
12503,2
4388,2
2049,2
5276,2
5033,2
6510,2
7584,2
12999,3
8192,3
1024,3
489,6
1709,2
5716,2
10342,2
11855,2
3395,3
500,2
8724,9
3419,2
10745,3
12837,2
9863,2
2692,3
13803,3
11922,2
11235,2
9730,2
5842,3
5764,2
11478,2
9164,3
1384,3
10594,2
4722,2
4956,2
10249,2
5187,4
101,3
13665,2
11681,2
6956,2
3403,5
4555,2
2578,4
12585,3
10740,2
7449,2
1784,2
32,2
4643,3
6913,3
12317,2
12732,2
365,3
8520,3
6555,2
4214,2
11829,2
3994,2
5332,2
10600,2
3612,2
2154,2
1009,2
10068,2
8716,3
2133,2
867,3
856,2
10770,3
7406,2
2848,2
705,3
6935,2
10453,3
13248,2
12909,3
8816,2
7440,3
12695,3
11901,3
951,2
11077,2
2804,3
12510,3
8217,2
4594,3
13666,3
4520,3
9362,2
4926,2
12134,2
2448,3
6308,2
8888,2
13480,6
11853,3
10885,3
8540,2
4736,2
3040,2
2523,3
2108,3
4368,4
2252,3
9049,2
12105,2
3798,3
13746,3
7703,3
1196,3
4685,3
9623,3
1392,3
4668,2
10755,2
7078,3
5966,2
11871,3
688,3
12149,2
10722,2
3447,2
4151,2
9416,2
11979,3
376,3
10592,2
10777,2
12522,2
4483,3
149,4
2866,2
377,3
442,3
12097,2
5073,3
9890,3
1561,2
5057,3
1372,3
12179,9
518,2
12730,2
8874,3
5286,2
5905,3
2986,2
9026,2
2648,2
6934,2
2244,2
11188,3
12792,2
13040,2
6283,2
10776,2
7128,2
5528,2
2106,2
10045,2
9815,2
1883,3
6204,2
9679,3
6933,2
9957,3
8547,3
3089,3
2469,3
6604,2
13158,2
7640,2
13090,3
135,2
1071,3
11252,2
5938,2
5911,2
8297,4
1726,3
8638,2
221,3
3045,2
4917,3
8467,2
9618,3
1039,3
3941,2
3156,2
3693,2
13150,2
11438,2
6663,2
5897,2
1289,2
474,2
4821,4
11714,2
8385,2
3802,2
4156,3
4829,2
12893,2
1438,2
12574,3
5504,2
6712,2
13701,2
7344,2
5844,2
6463,2
10534,2
6841,2
10657,3
5657,3
13754,2
7453,3
1087,3
2191,3
12969,3
115,4
8597,3
7003,3
9900,2
4184,2
6756,2
49,4
12373,2
4114,2
10294,2
9977,2
1635,2
6726,3
2754,2
3065,2
9917,4
12008,2
6295,2
8154,2
9397,2
8677,2
12451,2
8636,2
10920,2
12733,2
8910,2
13555,2
4225,2
7149,2
13300,2
3180,4
9272,2
9398,3
5260,2
11734,2
10421,2
2276,2
4077,2
2958,3
7980,2
13613,2
5199,2
7348,3
8797,2
10415,2
11012,3
10992,2
10709,2
97,3
5099,2
1563,2
4394,3
9969,3
3542,2
5863,2
1382,3
10334,2
1900,3
1757,3
13736,2
4892,2
7193,4
1864,2
2671,2
4060,2
11782,2
5935,3
1680,3
363,2
11209,2
7832,2
4004,2
10629,2
694,3
8463,2
2451,3
13362,3
2513,2
5647,2
4340,4
11357,2
13531,2
2979,3
3230,3
9749,3
11842,2
1355,4
293,3
13825,3
6758,2
10252,3
9992,2
9976,3
8569,3
10107,2
579,3
12332,3
10699,2
9381,3
7155,2
7509,3
10198,2
3071,3
3868,2
12721,3
11144,3
663,3
13094,3
10232,2
10181,4
5425,2
11670,2
13106,2
4718,2
9388,2
7263,2
13724,3
5139,2
9970,3
1365,2
6603,2
7674,2
2163,3
11679,2
2542,2
13632,2
4123,3
2158,2
9005,2
10422,4
3103,3
9565,3
7225,2
12359,3
7637,2
12425,2
3410,3
6857,2
3589,2
9931,2
624,3
10505,2
1733,2
11055,2
10543,3
10954,2
1099,2
13404,2
5395,2
10055,2
5850,3
9130,2
8653,2
10975,4
12019,2
3929,4
10112,2
3246,4
12842,2
4309,2
12926,2
3969,2
8450,2
6052,2
715,3
1553,2
4811,3
136,2
2130,2
10623,3
11755,2
13762,3
5000,4
5518,3
5184,2
10787,2
1994,2
13619,3
777,3
4866,2
6940,3
6723,3
671,3
6337,3
6533,2
6884,2
4257,2
3895,3
10719,3
7680,3
9306,2
4383,2
52,3
9050,2
5152,2
9078,2
4024,2
2174,3
826,4
1169,2
1819,4
5952,2
11932,3
9886,3
5542,2
12136,3
4274,3
1981,2
10502,3
4445,2
938,3
11448,2
12322,3
846,2
641,3
4630,2
11294,2
8004,3
10617,3
5855,2
13454,3
81,2
1154,3
5376,2
13538,4
6982,4
13634,2
11654,3
4403,2
10840,2
6918,3
4958,2
9437,3
7492,2
12235,2
4583,2
3595,2
8588,2
12427,3
12486,2
4417,3
8938,2
420,3
9846,3
1608,3
1800,3
5059,2
4315,2
8044,2
3940,2
13151,2
9319,3
1787,2
5822,3
7939,2
12453,3
9878,3
8449,2
2688,2
11535,2
11269,3
10149,2
10378,2
1935,2
8199,2
9236,2
8325,2
7052,3
8772,2
847,3
6617,2
6044,3
11250,2
5820,2
10026,2
10098,3
11898,2
4660,2
4226,2
5337,2
13503,2
11232,4
8768,2
11617,2
1361,3
4364,3
13387,2
8350,2
3834,3
11076,3
10164,3
4785,2
1432,3
3256,2
13679,2
2849,2
10498,2
4270,2
3574,3
10582,2
8687,2
1400,3
1091,3
5361,2
10715,3
915,4
7654,2
2277,2
8423,2
5828,3
5429,3
3927,3
7107,2
3433,2
13415,2
5565,2
3477,3
2837,2
13213,2
2875,2
13085,3
12849,2
10772,2
2621,2
3662,3
1425,3
10988,3
1723,3
1057,2
5694,2
2632,3
1235,3
7635,3
3350,2
9071,3
13303,3
10375,2
1778,3
10404,3
5671,3
1521,3
8220,2
9179,2
2711,2
6425,3
5012,3
9860,2
7989,2
9314,2
10626,2
483,2
1538,2
2982,3
2099,2
13253,2
6839,2
13636,2
9971,2
8184,2
3024,2
7721,2
9986,3
13768,2
6189,2
482,2
5455,3
12833,2
6749,3
2504,2
2795,3
547,3
1368,3
12790,3
4951,4
6373,2
11752,2
11849,3
8422,3
12662,2
7510,2
2314,4
2614,3
4824,2
13276,2
461,2
7408,2
7220,2
8432,2
4095,2
9401,2
12114,2
3838,2
4484,2
9775,3
6546,2
7173,3
5158,2
6440,2
433,2
3312,2
7267,2
6858,2
5066,3
11287,2
9042,2
12349,2
5529,2
4000,4
1394,3
13774,3
4461,2
4303,2
10346,3
3035,2
7209,3
6504,2
8259,2
6225,2
5488,2
7974,2
13486,2
1837,2
3015,2
11037,2
7713,2
11517,3
8233,2
5210,3
13079,2
12187,2
11500,2
897,2
12429,2
7047,2
3356,3
4506,2
13229,3
3105,2
12180,2
2596,2
12740,3
2726,3
5377,2
140,2
8457,2
541,2
4933,2
5651,2
9742,3
10743,2
5642,2
5527,2
6484,2
1369,3
406,3
10231,3
10581,2
1238,3
5443,2
11226,2
13258,3
12762,2
13608,2
4400,2
8398,3
13038,2
8999,3
2364,2
8255,2
9046,2
8206,3
5157,2
6714,2
9735,2
6668,3
3639,2
2148,2
8454,2
901,3
6447,3
7425,2
5301,3
11194,3
10238,2
7136,2
8907,2
12222,3
6398,2
13566,3
8040,2
2641,2
10168,3
10773,2
4223,2
2267,2
3538,3
11581,3
5430,3
8177,2
6061,2
5505,3
5757,3
9772,2
8534,3
8593,2
3571,2
11549,2
964,3
4427,4
9959,3
277,3
10468,2
11678,2
5520,3
12635,2
6074,2
12852,2
11318,2
4488,3
8512,2
11552,2
12431,2
3498,2
4108,2
2151,3
9857,3
2215,3
9642,2
4234,2
3415,2
7368,3
12782,2
2822,2
3494,2
7475,3
3422,3
7096,3
9064,2
6943,2
7958,3
4258,2
10380,2
2282,2
6853,2
9809,3
12698,2
9590,2
10597,3
11857,2
11218,3
7812,2
10493,2
7075,3
3613,3
894,3
12206,2
12499,3
12426,2
5101,3
7253,3
2104,2
6518,2
8101,2
2056,3
419,2
6375,2
5630,3
5947,2
644,3
1612,2
1730,3
6911,2
2294,2
8807,2
6173,2
12437,2
8494,2
656,2
10234,3
7456,3
8778,2
5242,2
13676,2
8735,2
514,2
6557,2
6808,2
1015,3
8633,2
4624,4
5500,2
11187,4
12275,2
119,2
11016,2
7395,3
12941,2
2246,3
4885,3
3059,2
2898,2
9754,3
1025,2
9147,2
12928,3
3212,2
5695,2
6856,2
2001,2
4248,2
5922,2
7495,3
3161,2
7543,2
4818,3
9947,2
1041,3
11620,2
8570,2
9746,3
1619,2
2941,4
1666,3
6596,3
12047,2
12871,2
6457,2
4290,2
7796,3
2925,3
13723,5
12649,2
7716,3
2188,2
9811,2
5034,2
12103,3
3417,2
10785,2
2937,2
13295,2
4868,2
5928,2
3061,2
8660,2
1007,2
5040,2
6991,2
3801,2
3042,3
11651,3
10463,2
4449,3
2686,2
11892,3
8706,2
1743,2
10204,2
12938,2
2540,5
3012,2
11033,2
7289,2
10299,3
2034,2
9438,3
13522,2
3652,2
2787,2
4709,3
11323,2
8200,2
3335,3
13445,2
6563,2
9541,2
10307,2
4067,2
5589,2
6460,3
10613,2
6159,2
7218,3
831,3
11515,2
3074,3
10799,2
4628,3
2077,3
805,2
6305,2
3887,2
8975,2
12757,2
3756,2
2651,3
8374,3
11973,2
5338,2
5579,2
12886,2
8196,2
12977,3
8583,3
811,3
6046,2
13473,2
7070,2
11593,3
5942,2
8728,3
6919,3
10362,2
3413,3
6312,2
4074,2
13402,2
11403,2
5201,2
7306,2
13482,2
13304,2
4298,2
8015,2
1205,2
12891,3
5072,2
13254,4
2932,3
543,4
2846,3
5506,3
6500,3
2466,3
6020,3
6034,2
12870,2
11727,2
1694,3
9215,2
12195,3
11672,3
6489,2
7360,2
8920,3
800,2
12807,3
12918,2
9656,2
12873,2
5171,2
223,3
5335,2
2663,4
12922,2
2510,3
735,3
12419,3
4272,2
7540,3
7108,2
2355,3
9731,2
2327,3
755,2
11435,2
8170,2
4609,3
11098,3
10473,2
9889,2
12348,2
4530,2
8159,3
1986,2
4664,2
12397,2
3972,3
5892,3
12612,2
2593,3
7435,2
4923,2
1642,2
6910,2
13773,3
6243,2
13010,2
9587,2
7434,3
10372,2
1967,3
9075,2
2027,3
9265,2
7364,2
11985,2
11821,3
1908,2
4058,2
4015,2
7258,2
8577,3
8969,2
12305,3
2182,3
9247,2
7682,2
7482,2
5491,3
819,2
9019,2
5397,2
5893,2
7170,2
1636,3
2287,3
10456,3
10707,2
4375,3
7681,2
7953,3
2116,2
13081,2
10414,3
6855,2
2734,4
11217,3
5292,2
2418,3
1258,2
10030,3
2265,2
10023,2
11887,2
3085,3
6254,2
3549,3
188,2
6569,2
33,2
12413,2
8418,3
7778,3
5747,2
7902,3
5765,2
7922,2
5252,3
1919,3
12474,2
4474,3
12880,2
3980,2
10339,2
7871,2
5409,2
2118,2
2720,3
11702,2
3751,2
8288,2
3790,3
2424,2
6709,2
6326,2
5628,2
7340,2
3069,3
4597,3
10315,2
3163,2
9364,3
11407,3
10063,2
6651,3
7679,2
11697,2
4645,2
2805,3
6698,2
13208,2
9835,2
2867,3
2784,2
1651,2
3094,3
5768,2
7446,2
9915,4
3817,2
4944,3
10172,3
2998,2
4503,2
4888,2
11082,2
8787,3
9678,3
7943,2
5748,2
2640,3
9609,3
2440,2
4455,2
12726,2
4137,3
8396,3
319,2
5084,3
11758,3
4464,2
8407,2
2180,3
10532,3
8378,3
9073,3
1185,3
7401,3
4900,2
3398,2
7697,3
12364,2
11048,2
3303,2
13004,2
3935,3
5795,2
1279,3
6990,2
7027,2
9479,2
5895,3
7062,3
6994,3
5964,2
12673,2
952,3
1624,2
4037,2
13283,2
7643,2
994,4
98,2
5767,2
3758,3
12066,2
7809,3
13100,2
11160,2
4519,2
2398,2
7770,3
3421,3
5761,2
1886,2
2445,3
13606,2
8365,3
5410,2
3082,2
3841,2
1186,3
10130,2
2010,2
4409,2
8625,3
3182,2
3250,2
4236,2
7048,2
3527,3
5841,3
11957,2
2878,2
12684,2
4253,2
3309,3
2658,2
8817,2
5692,2
11199,3
7157,2
6975,2
5067,3
3114,2
1944,4
6181,2
12995,3
10767,2
12869,2
5019,3
13804,3
1463,2
12406,3
4803,3
11353,2
9267,2
348,3
944,2
4708,2
13638,2
2698,3
6424,2
7795,3
5715,3
5815,3
2330,2
12230,2
4717,2
5781,2
4265,2
8307,2
8048,2
12382,3
3803,3
5701,2
3799,2
7765,3
572,2
7514,2
12748,2
5082,2
6443,2
9661,2
99,2
4505,2
6582,3
12375,3
3632,3
13059,2
9117,2
1759,3
2699,2
3679,2
10156,2
5921,3
12131,2
12641,2
12639,2
3293,2
10578,2
1564,3
10321,3
3075,2
6242,2
380,2
2100,2
6561,2
7567,2
68,2
5773,2
628,3
875,6
8866,2
10750,3
8543,3
7877,3
12169,2
7221,3
5727,3
8116,2
12598,2
2048,2
12637,2
8732,2
11315,2
10051,2
7161,3
3569,3
11444,3
4454,2
11836,3
3544,2
3488,2
3833,3
9830,3
8442,3
12739,2
3965,2
9225,2
7405,2
5224,2
10102,4
13205,2
4734,2
4931,2
9297,2
7319,2
6370,2
11415,2
5188,2
10758,3
10951,2
8558,2
11774,2
2172,2
5193,2
5285,3
6800,2
10574,2
8770,2
6969,3
2061,2
10120,2
7856,3
13179,2
3081,3
7119,2
3835,2
9804,2
4457,2
9736,2
2223,2
13163,2
464,2
1972,3
1956,3
563,3
4466,3
3869,2
11817,3
7554,2
2011,2
6191,2
13558,2
10467,2
10012,2
12821,2
6705,2
185,3
7370,3
9134,2
393,3
9118,2
11524,3
8694,2
13380,2
12165,3
9395,3
1916,2
12498,2
3562,2
1053,3
3673,3
11823,2
2660,2
2303,2
6548,2
13368,2
3855,2
8333,2
10556,2
9557,2
7358,2
180,5
4582,3
7602,2
11802,2
12030,2
12327,3
2005,4
2320,2
4631,3
12765,3
1705,2
5020,3
408,2
10042,2
868,2
121,3
6071,3
8235,3
6559,2
6146,2
3931,2
8218,3
1037,3
3481,2
13818,2
6239,2
9470,2
5886,2
7738,2
4440,2
8306,2
2256,3
12212,2
491,3
4122,3
2484,3
2075,3
107,3
9065,3
7418,3
2408,2
8084,2
3050,2
13601,2
1218,3
4176,2
11130,2
11545,3
6050,2
12190,3
5262,3
8481,3
12844,3
3452,2
12333,2
599,4
8575,2
11726,3
10987,2
8258,3
1128,3
6889,2
10982,2
2114,2
120,3
11997,2
7920,2
3785,4
13146,3
2684,3
3762,4
5950,3
6903,2
2091,2
10219,2
3362,3
4066,2
11705,3
65,2
11275,4
8087,2
553,3
5736,3
10028,2
652,3
5818,2
11122,2
6805,3
11938,2
8362,2
12123,2
7670,3
6976,3
2334,3
3943,2
10189,2
13339,2
13345,3
7192,2
1974,3
2175,9
5036,2
3291,3
8491,3
11008,2
10159,2
1082,3
5037,3
9512,2
9910,4
5883,2
3977,2
7250,3
9136,2
9693,3
6787,2
13607,3
11677,2
5678,2
3623,3
8962,4
13700,2
2432,2
1560,3
11177,3
7490,3
3475,2
11934,2
577,2
252,4
4632,4
6278,2
9373,2
11998,2
3142,2
6334,3
5386,3
2035,3
1602,2
4882,2
10667,2
743,3
1035,2
9489,3
4110,3
118,12
5698,2
7780,2
2195,3
7058,2
13589,3
6928,2
8364,3
10960,3
9442,2
6015,2
7194,2
8460,2
2185,3
11327,2
2760,3
11619,2
4005,2
2194,2
11590,2
12915,2
3537,2
8086,2
1088,2
12060,2
11163,3
9330,2
411,2
1911,3
3776,2
12379,2
3129,2
2117,2
3885,2
9383,2
106,3
11317,2
925,3
7077,3
2435,2
2312,2
2747,2
918,2
13670,3
6076,2
1495,3
1679,2
10761,2
1516,2
6148,2
882,4
11914,3
7314,2
8435,2
11527,3
4209,2
13044,2
2740,2
249,2
7644,2
4604,3
10834,2
9851,2
13155,2
6659,3
4348,3
9879,2
5685,2
6578,3
4930,3
2573,3
10666,2
3171,3
3641,2
5679,2
8118,2
946,2
12420,3
7461,2
230,2
5418,2
726,3
6292,3
3133,5
11505,3
9601,2
10792,2
122,3
6019,2
6795,2
2396,2
128,3
3660,3
6828,3
6465,2
3049,2
1409,2
12780,2
6439,2
3469,3
8224,2
6764,3
13378,2
9596,2
3187,3
4539,2
12779,3
4761,2
3414,3
6143,3
1259,3
5249,3
8696,2
2422,2
12810,2
7162,2
9856,2
10262,2
9684,4
12478,2
8019,2
8635,2
3556,3
2963,3
3109,2
6338,3
2906,3
1165,2
4360,3
8840,2
12786,3
1083,2
12154,3
13214,3
8604,2
962,3
432,2
12588,2
11993,3
13289,3
7799,2
10619,3
4177,2
1016,3
4355,2
11355,3
2381,2
9423,3
11264,2
7987,2
7201,2
5793,2
754,2
5714,2
2654,2
2192,4
10752,2
5989,3
5368,4
12620,2
10287,3
5351,3
5572,2
1296,3
6449,2
3602,2
4797,3
5251,3
157,4
1676,3
1307,3
6430,2
9275,3
13821,2
3064,2
6491,2
1687,3
2955,2
7476,2
6551,2
4217,2
10897,2
11322,2
4729,3
4556,2
11937,3
10488,2
11793,2
11767,2
8123,2
8705,2
12892,2
3011,3
6233,2
6683,2
13311,2
11303,2
9556,2
7296,2
5304,2
5517,2
64,3
8629,2
4329,3
1921,3
6064,3
6180,2
596,3
4826,3
5174,2
4472,2
9133,2
11495,2
9626,2
6652,2
4430,2
13108,2
9456,2
2506,4
8412,2
945,3
8409,2
1891,3
2171,2
8471,2
1149,2
10818,2
2954,2
5549,2
2120,2
9538,2
2458,3
2722,2
4809,2
528,3
1449,2
11099,2
7603,2
3700,3
13008,2
5961,3
6540,2
7881,2
9286,2
12729,2
734,2
8649,3
6744,3
8100,2
1125,3
5080,2
9183,2
6438,2
6422,2
5788,2
2724,2
5439,3
3165,3
11534,3
710,2
6669,3
61,3
906,3
2703,2
10160,2
12527,3
11611,3
6863,2
1360,3
10921,2
4693,3
2073,3
10258,2
13330,2
3766,3
12224,3
548,3
7916,2
2233,3
6980,3
2343,2
569,3
2088,2
8179,2
1065,2
2051,3
4526,2
1758,3
3520,3
1575,2
11844,2
8568,2
9924,3
3450,2
8212,2
8699,2
12383,2
887,2
11450,3
7016,3
1906,2
4521,3
11753,2
11278,2
3859,3
12095,2
7414,3
8972,3
1740,3
5652,2
2465,3
4543,2
6654,3
7996,4
3810,2
10690,3
8447,2
3357,2
7416,2
7534,2
1951,2
13125,3
12590,2
3290,3
6539,2
7991,3
9964,2
1896,3
4879,2
5792,2
13462,2
850,2
13764,2
10580,2
12818,3
5035,4
600,2
13435,2
9379,2
12743,2
8623,2
12656,3
6710,2
8652,3
1474,5
10682,3
10103,2
12538,2
5169,2
1117,2
1469,4
825,2
5464,3
6706,3
1105,2
10712,3
1136,4
13438,2
2197,3
11614,2
4105,2
13110,2
3523,3
331,3
1839,3
7998,2
4934,2
6179,3
8864,3
3968,2
13031,3
11713,3
990,3
10376,2
10020,2
8146,2
9063,2
6516,2
1426,3
11372,2
3597,2
10747,2
621,3
1662,3
7156,2
2402,2
12088,2
2824,3
8110,3
9351,2
10891,2
12031,2
10742,3
12223,2
8148,2
10612,3
8846,2
9108,3
1860,3
8302,2
2685,3
13461,4
2482,4
12708,2
3658,3
5826,2
7349,2
3621,2
2749,3
9904,2
9903,3
285,3
7241,4
2840,2
2234,2
3996,3
2557,4
1153,3
4318,4
4658,2
2369,2
4325,3
4275,3
11583,2
7581,3
11895,2
13323,3
12159,3
10344,2
5381,3
950,3
4602,2
466,2
5835,3
13460,2
7595,2
13178,3
9515,3
5829,2
5846,3
8881,3
6185,2
6114,2
8143,2
9607,3
8001,2
4514,2
6777,2
8979,2
9934,2
8720,3
3100,2
5632,3
9345,2
5093,2
1873,2
12289,3
335,3
5643,2
9706,2
5317,2
8673,2
6728,3
9761,3
12098,2
5449,2
3108,2
5486,2
11757,2
13099,2
2553,3
12236,2
11476,2
1334,3
1667,2
1228,2
3922,2
8736,2
4465,3
5583,2
13673,3
9264,2
9054,2
7497,2
7556,2
2190,2
3455,4
6,3
12676,2
8334,2
9378,3
1835,3
1843,3
8634,4
8448,2
840,2
10220,3
4230,2
13688,2
11870,3
4244,2
13769,2
11442,3
7163,3
7247,2
13783,3
10247,3
1640,2
4425,2
9185,2
1939,3
5958,3
4499,2
11126,2
4905,3
784,3
13374,2
6897,3
6226,2
12877,2
8025,2
1330,3
6408,2
5637,3
1979,2
10653,2
8399,3
2460,3
8495,2
9919,3
13301,2
773,3
1511,2
11266,2
9962,3
8839,3
2021,3
8812,2
359,3
7457,2
12347,3
13686,2
1437,2
655,2
12075,2
3266,2
1418,2
13627,3
13548,2
7451,2
9477,2
1689,2
4545,2
1966,3
12614,2
8167,2
1933,3
6529,2
3039,2
9024,3
4949,3
11251,2
1824,2
2933,2
7342,3
4052,3
3781,2
7800,2
12980,3
13745,3
11437,2
7205,2
817,2
12593,3
11153,3
11773,2
11800,2
10983,2
4268,3
9328,2
7946,3
12962,2
9640,3
6584,2
903,2
9504,2
5984,4
3491,2
189,4
12264,3
12092,2
11180,4
5945,3
7605,2
8546,3
11425,2
1571,2
9834,2
4047,2
11270,3
13689,2
12830,3
9138,2
8703,3
13160,2
1751,2
12455,2
12009,3
9280,2
12845,2
9893,2
1674,3
5461,3
13171,2
1862,3
266,3
7689,3
6332,3
9714,2
10683,3
2894,3
4876,2
515,2
2124,2
9262,3
12582,2
12889,2
1356,3
11533,2
4419,2
11114,2
3218,2
6925,3
13333,2
9638,2
4644,3
12936,3
9350,2
1912,3
8838,3
7852,2
8641,2
9500,2
10504,3
1059,2
13720,3
2625,2
5088,2
161,3
6446,2
2509,3
13365,2
10214,3
8358,3
5168,3
5889,2
573,2
8292,3
6792,5
412,3
6615,5
8977,2
3492,3
9195,3
1491,2
7243,2
9115,3
5999,2
9695,4
7585,2
6780,3
12685,2
9032,3
4432,2
7531,2
9249,2
2667,2
9832,3
795,2
8326,2
9659,2
501,3
1204,2
1036,3
1060,3
11528,2
3482,2
10412,3
422,2
12175,3
4781,3
1693,3
10271,3
1659,2
10875,3
863,2
5733,2
12853,3
1884,2
10094,2
4819,2
12109,3
7222,2
2109,3
3380,3
2669,2
9558,2
7316,2
13073,2
1844,3
13811,2
7940,2
3644,3
6653,2
2546,2
13136,3
12074,2
10883,3
9425,3
11056,2
11171,2
1522,2
13320,2
9391,2
8538,2
1552,2
1257,3
3746,2
9785,2
527,2
1604,2
13234,2
3974,2
292,2
7759,2
5660,3
10333,3
5929,2
11742,2
6770,2
7471,2
2037,3
2512,3
11118,3
10399,3
3514,2
640,2
10037,2
9668,2
3270,3
13693,3
2855,3
6961,4
2620,3
3374,2
10852,2
8968,2
7351,3
7638,3
12390,2
2751,3
12354,2
3610,4
12902,3
13748,3
11923,2
9593,3
8347,2
1737,3
1965,3
12798,2
9973,2
13113,4
5456,3
12960,2
9620,2
7450,3
1181,2
13321,3
6314,2
2904,2
13036,3
8924,2
6676,2
10716,2
4017,2
7279,2
12331,2
7287,2
396,4
1473,3
4859,2
4758,2
9323,2
9435,2
12884,3
10352,2
13459,4
4102,3
12204,2
7899,3
11200,3
6525,2
11028,2
11239,3
12957,2
1171,2
2775,2
6737,3
7478,3
3848,2
7994,3
9984,2
10998,3
1704,3
6303,2
2682,2
12975,3
10279,3
4127,4
190,3
8098,2
7014,3
1140,2
4322,2
2938,3
7293,2
3818,2
7993,3
3325,2
6789,2
3849,2
4090,2
4908,3
13517,2
5522,2
5114,3
13761,2
2426,3
1313,3
5305,2
1445,3
1632,3
12738,3
17,3
10796,2
1517,3
5223,3
2281,3
4989,2
12607,2
6916,2
3472,2
3579,2
6366,2
2149,2
4880,2
963,2
9139,2
12815,2
2911,3
2673,2
5498,2
12414,2
9320,3
2181,2
13292,2
6592,3
13189,2
11780,2
13216,3
4331,2
7671,2
1976,2
7686,2
1601,2
11635,5
593,2
5962,2
1618,2
4259,2
2829,3
11808,2
11412,2
10290,2
11454,3
12544,3
2604,3
4132,2
613,2
13027,2
3288,2
2763,3
8792,2
3336,3
7754,2
7580,2
5270,3
13000,3
7291,3
7140,2
10965,5
4288,3
7383,2
5134,3
8992,2
11908,2
9528,3
2240,2
3825,3
3144,2
8273,3
13306,2
8027,2
2410,2
43,3
11970,3
2508,3
2756,2
7699,2
211,2
6099,2
9921,3
13077,2
11011,2
6953,2
4967,3
133,3
11350,2
13822,2
13256,3
3657,2
11656,2
11906,2
11637,2
9911,4
8830,2
2665,2
4735,3
12972,2
11374,3
12644,2
4333,3
6960,2
7972,3
2613,3
8826,2
2344,3
12629,2
12253,2
13447,2
312,2
13416,3
12996,2
12200,2
13075,2
8871,2
173,3
453,3
8191,2
5154,2
4016,2
2944,3
672,2
9410,2
12890,2
8041,2
8618,2
8337,2
12575,2
4744,2
7860,2
12421,3
12878,2
2602,2
11138,3
4314,2
2649,2
6978,2
6810,2
6458,3
5233,2
10812,2
2199,3
559,3
4049,3
3819,2
8042,2
3960,2
7762,3
633,4
11057,3
10936,2
5298,2
10008,3
13510,2
4927,3
5149,3
9728,2
9402,3
369,2
12691,2
9018,2
8904,2
13420,2
7169,2
4637,3
6947,2
5683,2
4603,2
425,3
8901,3
5378,2
9341,2
8937,2
3439,3
12643,2
5794,2
9639,2
11541,2
1298,3
5573,2
1027,2
3728,3
5823,2
13806,3
7035,2
1371,3
7985,2
11259,2
4574,2
7094,2
8434,2
3423,3
1101,2
1562,4
9849,3
11605,2
3185,2
6253,2
1194,3
12107,2
4479,2
2758,2
10350,2
1277,2
8312,3
9094,2
11641,2
11576,2
788,2
9831,2
5371,2
11430,3
2794,3
12567,4
1139,3
1834,3
5682,2
8919,2
13102,2
4585,3
5499,3
13657,3
3247,3
8079,3
7111,3
13705,3
932,3
10555,3
13785,2
2916,3
8060,2
6433,3
4616,2
2788,2
11094,2
4549,2
6388,2
3496,2
12836,2
12789,2
5006,2
3490,2
3771,3
6227,2
3685,3
7160,2
12799,2
4679,2
6567,3
13722,2
264,2
6236,2
6959,2
1423,2
8034,2
12814,2
13729,2
7574,2
11982,2
4428,3
707,3
8863,2
4605,3
10406,2
12071,3
434,3
7290,2
1484,4
11574,2
9940,2
2631,3
9819,2
601,3
11195,2
1711,4
550,3
8788,2
6238,2
8818,2
3188,2
3600,2
13687,2
2960,3
6042,2
6260,3
6151,2
13819,2
10668,2
9231,2
2984,2
7387,2
7175,2
6302,3
13805,2
10865,2
9946,3
6979,2
8586,2
11811,2
594,3
3010,3
7642,2
3946,2
9666,3
5797,2
1754,3
11155,2
11026,3
3736,2
12447,2
2551,3
11053,3
9704,2
11383,3
12912,2
11890,2
6048,2
62,3
8150,2
1476,3
1868,3
6733,3
7278,2
824,3
5283,2
4793,2
179,3
1377,2
4904,2
7910,3
137,2
1763,3
3274,3
4082,2
10797,2
562,2
1042,2
6127,3
11489,2
4254,3
13187,3
10516,3
5178,2
7071,3
12895,3
4983,2
2659,2
2292,2
8270,3
2098,2
3000,2
10266,3
7022,2
508,2
7594,2
10832,3
8609,2
11763,2
11598,2
7870,2
7254,3
8455,2
11926,2
2643,3
13692,2
11346,2
2838,2
8049,3
11806,2
5320,3
12863,2
1744,3
8375,2
11127,3
12361,3
10331,2
4831,2
10695,2
1715,3
10228,2
10014,3
13703,3
11222,2
9389,4
10297,4
299,2
7468,2
10459,2
13431,2
9982,2
7135,2
6343,2
449,3
6434,2
11597,3
6441,3
10966,2
6279,2
9762,2
936,4
6376,2
10804,2
12465,2
5729,3
9317,3
3236,2
8995,2
9268,2
8172,2
8601,2
972,3
484,3
12005,3
10922,2
7260,2
8757,2
1672,3
11115,2
3739,4
5663,3
9906,2
4206,3
3480,2
12660,2
1098,3
8348,2
9613,2
11456,2
11845,2
3814,3
22,3
10274,2
8516,2
9486,2
912,3
3238,2
1882,2
9882,2
5912,4
4149,2
984,3
13360,2
13252,2
7378,2
7872,2
7549,3
10552,3
1103,2
7168,3
80,2
4622,2
2492,2
7029,2
9038,3
1903,3
4415,2
6404,2
10340,2
10203,2
2239,2
2525,3
1074,2
9723,2
3720,2
6531,2
9170,2
8726,2
2801,2
6304,3
1798,2
5131,2
12508,2
3967,2
10986,2
11459,2
1772,3
9610,2
13418,2
9710,2
6680,3
2902,2
12129,2
459,4
10487,2
9116,2
2470,2
9814,2
3225,2
11254,2
10635,2
3139,3
8980,2
6860,2
8254,3
12907,2
3550,3
1023,3
3203,2
4567,3
10931,2
1848,3
10082,2
3533,2
2236,2
13573,2
4938,2
2901,3
8913,3
12367,3
6318,2
9062,2
4218,3
9093,2
12278,2
11725,2
6517,2
2414,2
9140,3
11661,2
7233,2
10924,3
3726,3
12163,2
8608,3
9332,2
4019,3
9098,2
5046,2
13590,2
1660,3
5024,2
11550,3
7246,4
7354,3
10140,3
8340,2
11664,2
6141,2
10800,3
3828,2
2269,7
2990,2
10064,2
8089,2
11296,3
11066,2
6021,2
5603,3
10829,2
3036,2
4369,2
5345,3
6707,3
1514,2
1422,3
3221,2
5512,3
3425,2
2452,2
4976,2
3029,3
6000,3
12152,3
1872,2
9869,2
3068,2
3259,2
11858,2
1766,2
13576,2
8464,2
13409,2
11003,3
1223,3
13375,3
7803,3
8679,2
13583,3
5393,2
4183,3
11921,3
5510,2
5856,2
6056,2
9462,2
6152,3
11379,2
3919,3
7429,3
11214,2
4749,3
10053,4
712,2
12091,3
9263,3
7771,2
10880,2
10588,2
5948,3
402,3
2566,3
13753,2
2419,2
8657,2
9420,3
1879,2
1148,2
10828,3
3856,3
13718,2
13667,3
1803,3
13406,2
10927,3
4990,2
12700,3
129,3
5078,2
8965,2
3460,3
7286,2
10830,2
13195,3
9862,3
1713,3
11512,2
701,3
6944,2
11472,2
12793,2
5469,3
6522,2
12428,2
10714,2
11158,2
1431,3
11946,2
4018,2
77,3
7600,2
2065,3
6716,3
7652,2
496,3
12205,2
13138,2
786,3
5885,3
11292,2
8208,2
3057,3
3564,3
2630,3
5640,2
4830,2
1402,3
635,3
7386,2
10322,2
9524,2
8155,2
12196,2
2562,5
5122,2
3299,2
3025,2
5635,2
2229,2
11395,2
13611,2
12213,2
12336,3
1416,2
5807,2
9321,2
3181,3
326,3
11629,2
4546,4
2761,3
2676,3
4097,2
5806,3
12668,3
1645,3
1847,2
1417,2
3713,2
4834,3
7142,2
7849,2
2505,3
9473,2
5306,2
5228,3
6872,2
8722,2
13594,2
2322,2
7820,4
3213,3
2735,3
11343,2
2283,2
63,2
7057,3
6136,3
1594,2
8129,2
11377,3
5,2
2362,2
11507,2
4204,2
2472,2
6862,3
1509,3
4165,2
8925,3
8240,2
6822,3
9070,3
13307,2
13452,2
8524,3
1115,2
1127,2
8433,3
10006,2
10397,3
591,3
9131,2
8356,3
4913,2
4480,3
6514,2
11398,3
774,2
3961,2
3485,2
3255,3
4111,3
2909,2
11307,2
11049,2
11990,2
1732,3
4358,3
300,2
2226,2
3822,3
11532,2
10394,3
9296,2
1920,3
1001,3
5614,2
10119,2
9529,2
6883,3
13572,2
13674,2
5969,2
13498,2
8296,2
9566,3
7,3
651,3
745,3
8482,2
6729,2
11530,2
2136,3
8128,2
7272,2
10306,3
3959,2
7897,3
13312,2
6142,2
10015,3
4282,2
10264,2
12905,3
73,3
5560,2
1069,2
4385,3
5750,3
3387,2
12225,2
6755,2
9121,2
4345,3
13672,2
11652,2
3384,4
13262,2
10336,2
5438,3
9325,2
3147,3
13259,2
8795,3
9458,2
5718,2
10765,2
12606,2
7677,3
7816,2
12173,2
44,2
9480,3
11551,3
10911,2
3704,1
3132,3
9251,2
10062,2
2834,3
1000,2
2255,2
8489,2
5323,3
12174,2
1450,2
11213,2
8139,3
1605,2
105,3
12077,2
10379,2
7464,2
8401,3
2119,2
3359,2
5516,2
337,2
11539,2
7097,3
7292,2
1746,2
7196,4
12325,3
11142,2
4842,2
2657,2
8229,2
10807,2
8614,3
12168,3
3748,2
8892,2
6379,3
9933,3
2736,3
1215,4
1096,3
7547,2
1077,3
3186,2
1444,4
46,2
3315,2
10943,2
13344,3
5717,2
7198,3
10320,3
1907,2
6761,2
10455,2
7104,2
4565,3
5319,3
10590,2
4103,3
6899,2
2892,2
2069,2
11335,3
2495,2
11547,2
3518,3
1504,3
8346,2
2936,3
1738,2
1656,3
2144,2
3194,2
11258,2
175,3
9873,3
2462,2
5271,4
6686,2
13737,3
10426,2
7545,2
973,2
3565,2
7060,3
11429,2
5531,3
10268,3
1885,2
6182,2
7038,3
12747,3
1992,2
3416,3
124,3
11567,2
4300,3
10874,4
9665,3
8574,3
2622,2
8685,3
4036,3
13385,3
5454,2
744,4
5575,4
6297,2
6188,2
3146,2
11740,2
11893,3
6752,2
8272,2
2064,2
1764,3
6255,3
1721,3
12339,3
13197,2
9338,3
4447,2
10173,2
7334,2
1663,2
642,2
12459,2
7523,2
3128,3
90,2
5681,3
10570,3
9495,2
9518,2
10624,2
6645,3
13268,2
10535,2
7407,3
3840,2
7984,2
6230,2
9874,2
8323,2
2260,4
12688,2
2289,3
6068,2
11351,2
5185,2
7428,2
12269,3
1832,4
4482,2
3912,2
3097,2
5356,2
7448,3
13537,2
8711,2
8718,2
7150,3
1489,2
848,2
6009,4
3917,2
5570,3
738,3
6222,2
6608,2
7305,3
9361,3
5621,2
6512,2
7620,2
9627,2
5159,3
9212,3
11962,2
13372,3
7208,2
5766,5
6751,2
7297,2
154,3
13029,2
8621,2
4870,2
381,2
7373,2
6248,3
11864,2
281,6
5044,2
2590,3
4069,2
13727,2
2945,3
2845,2
4790,2
9208,2
11248,2
13777,2
8877,3
10906,3
9010,2
3079,2
7586,3
10918,3
13131,2
3807,3
9972,2
10332,2
11006,2
3850,3
7745,2
9298,2
3691,2
2296,3
11531,2
4586,3
6221,2
113,3
555,3
5824,2
5894,3
1855,2
176,3
4071,2
2382,2
12167,2
12931,2
8162,5
2721,2
7494,3
12219,3
6782,2
2002,2
2564,2
10914,2
3852,2
11781,2
4261,2
2157,2
13671,2
5623,3
7747,2
9443,3
1905,2
13434,2
8709,3
626,4
5343,2
5497,3
3202,2
13635,3
1249,3
5809,2
7123,2
1094,3
4092,3
3215,2
3651,2
1607,2
4372,3
13111,2
123,3
10409,2
11484,2
13556,2
6161,2
7054,2
11137,2
9792,2
1874,3
4284,2
4029,2
9120,3
1243,2
76,3
9315,3
10452,2
1503,3
1481,4
10622,2
3339,3
5295,2
8149,2
11402,3
8917,3
785,2
4038,2
4836,3
477,3
1774,2
3731,2
12037,2
5403,2
11479,2
5068,3
5437,2
8884,2
3241,3
10405,2
10869,3
12948,3
4194,2
8024,3
7089,3
11902,2
6550,2
4115,2
10976,2
8074,2
12268,2
7702,2
6784,2
4890,2
1990,2
9060,2
10910,2
10933,4
3872,2
9712,2
10174,2
9655,2
3788,2
9248,4
12758,2
6865,3
12217,2
6124,2
862,2
4252,3
3718,3
2467,2
1044,2
1399,2
476,2
5065,2
1613,2
11345,2
8280,2
6624,3
2714,3
1132,3
5465,2
4608,2
10457,2
4072,3
6392,2
3088,3
13698,2
3361,2
8814,2
6210,2
368,3
8579,2
12900,3
9760,2
11381,2
12540,2
13347,2
1244,3
10281,2
5448,2
9877,2
9965,2
2773,2
7582,3
11039,2
12925,2
582,2
2948,3
1611,2
11124,3
7557,2
9866,2
11449,3
8241,3
12774,3
131,3
11690,2
12352,2
3795,3
4580,2
12308,3
11330,3
3608,3
9385,2
7004,3
13483,2
4167,3
7019,3
7470,2
13105,2
5508,3
12191,2
3647,3
6589,2
12464,2
9294,3
3694,2
5551,2
9651,4
3531,2
1982,3
13054,2
10593,2
611,3
4379,2
5601,2
7308,3
5975,2
12763,3
4307,2
557,3
9571,3
9875,2
12329,2
10235,2
10789,2
10824,3
2580,2
1462,2
675,3
12288,2
1052,3
11018,3
2324,2
4854,2
3249,3
1073,3
10969,4
10523,2
2989,2
3376,3
12460,2
5943,2
9392,3
11480,2
8260,2
12003,3
2597,3
12506,2
7936,2
10837,2
9481,2
8281,2
7599,2
2672,2
4702,2
1788,2
6115,2
7890,2
481,3
5385,2
12860,3
6600,3
10809,2
12777,2
12029,2
4013,3
10,3
4874,2
9241,3
12497,2
7043,2
6329,2
12990,3
10437,2
11090,3
8725,2
7277,2
7542,2
7973,3
7217,3
10952,2
993,2
5062,2
11198,2
5540,3
13395,3
7438,2
2325,3
5021,2
6322,2
6324,2
10651,3
8066,3
12094,3
3997,2
4489,2
4725,2
6058,2
12709,3
11522,3
5344,2
3524,2
7975,2
3279,2
1943,4
12992,2
6874,2
138,3
10408,2
10903,3
643,3
650,3
4154,2
13725,2
2934,2
6198,2
12218,3
6846,3
7248,3
13199,3
598,2
6232,3
260,3
3628,3
7995,3
11181,2
1309,2
8528,2
3667,3
1055,2
7116,2
3671,3
4302,2
6667,2
9560,2
3191,2
12722,2
6362,4
3686,2
5379,2
3222,2
4730,2
11693,2
10621,3
7331,2
3168,2
8497,2
6674,3
13492,2
10913,2
866,3
3301,3
12921,2
7174,2
9240,2
11663,2
4513,2
